clip,method,frames,boundary_te,bd_te,outside_changed_fraction,outside_change_mean,extra_mask_ratio,inside_change_mean,residue_diff_le_10
I-210618_I01001_W01,Boundary-only,40,0.017221271991729736,0.03814377263188362,0.022930357605218887,0.009337857365608215,0.13204920291900635,0.14618553221225739,0.4520452916622162
I-210618_I01001_W01,Temporal union,40,0.019608568400144577,0.01951715163886547,0.5051962733268738,0.11951897293329239,5.622759819030762,0.24615097045898438,0.08670508116483688
I-210618_I01001_W01,Ours-Conservative,40,0.014877622947096825,0.025657454505562782,0.057282209396362305,0.014474177733063698,1.1106677055358887,0.16470232605934143,0.28426459431648254
I-210618_I01001_W01,Ours-Balanced,40,0.01594029925763607,0.03530648350715637,0.027266744524240494,0.009734803810715675,0.3920522630214691,0.15135392546653748,0.39605608582496643
I-210618_I01006_W04,Boundary-only,40,0.013647141866385937,0.03361653536558151,0.010819129645824432,0.0074061802588403225,0.1834271252155304,0.11356189846992493,0.5262272953987122
I-210618_I01006_W04,Temporal union,40,0.011841845698654652,0.015013325028121471,0.2817075550556183,0.07715052366256714,4.80186128616333,0.2586040496826172,0.14826610684394836
I-210618_I01006_W04,Ours-Conservative,40,0.011889622546732426,0.02500535547733307,0.042539939284324646,0.012618765234947205,1.143509864807129,0.1426706314086914,0.3601166009902954
I-210618_I01006_W04,Ours-Balanced,40,0.012204323895275593,0.029775861650705338,0.014544474892318249,0.00780319282785058,0.509781539440155,0.11578931659460068,0.5116743445396423
I-210627_O01004_W04,Boundary-only,40,0.0150835532695055,0.029997656121850014,0.061204083263874054,0.012877526693046093,0.25080907344818115,0.13752825558185577,0.5483903884887695
I-210627_O01004_W04,Temporal union,40,0.008243747986853123,0.010600084438920021,0.08406522125005722,0.016313623636960983,2.1605210304260254,0.18460433185100555,0.38030317425727844
I-210627_O01004_W04,Ours-Conservative,40,0.008829912170767784,0.015469658188521862,0.07451275736093521,0.014659591019153595,1.2923978567123413,0.17740917205810547,0.380820631980896
I-210627_O01004_W04,Ours-Balanced,40,0.014119505882263184,0.027318309992551804,0.06270724534988403,0.013044729828834534,0.8560181856155396,0.1389031559228897,0.539275586605072
I-210627_O04018_W05,Boundary-only,40,0.013377143070101738,0.026403149589896202,0.03967687487602234,0.009620273485779762,0.3096759617328644,0.12409088015556335,0.46756890416145325
I-210627_O04018_W05,Temporal union,40,0.004278160631656647,0.008133205585181713,0.045380301773548126,0.010168696753680706,0.796393632888794,0.15230496227741241,0.29364854097366333
I-210627_O04018_W05,Ours-Conservative,40,0.004358498379588127,0.00819360464811325,0.04358282685279846,0.010010384023189545,0.6434866189956665,0.15061642229557037,0.3091321885585785
I-210627_O04018_W05,Ours-Balanced,40,0.011997797526419163,0.02393341064453125,0.04114096611738205,0.00976920872926712,0.6221128702163696,0.1256118267774582,0.4498003423213959
I-210714_O01002_T04,Boundary-only,40,0.04215507209300995,0.09379128366708755,0.05757104232907295,0.012213579379022121,0.18137599527835846,0.19150836765766144,0.22489146888256073
I-210714_O01002_T04,Temporal union,40,0.029050912708044052,0.03230970352888107,0.32276493310928345,0.0801716074347496,6.068543434143066,0.34320178627967834,0.06610225886106491
I-210714_O01002_T04,Ours-Conservative,40,0.023935845121741295,0.039395179599523544,0.16429708898067474,0.03558426350355148,3.39129638671875,0.23635639250278473,0.14395789802074432
I-210714_O01002_T04,Ours-Balanced,40,0.04002996161580086,0.08943723142147064,0.06423233449459076,0.012944037094712257,0.6702830195426941,0.19180984795093536,0.21417102217674255
I-210714_O01002_W02,Boundary-only,40,0.022411903366446495,0.047588981688022614,0.029675811529159546,0.00967220589518547,0.15135803818702698,0.11235206574201584,0.5619453191757202
I-210714_O01002_W02,Temporal union,40,0.019157662987709045,0.01925543323159218,0.3324553966522217,0.07710454612970352,6.651362419128418,0.2501094937324524,0.12378580123186111
I-210714_O01002_W02,Ours-Conservative,40,0.015257617458701134,0.025982564315199852,0.10591375827789307,0.021487105637788773,2.691502809524536,0.13381138443946838,0.404228538274765
I-210714_O01002_W02,Ours-Balanced,40,0.021891217678785324,0.04678524285554886,0.03202987462282181,0.009902617894113064,0.4686284065246582,0.11361207813024521,0.5495185852050781
I-210714_O01003_T03,Boundary-only,40,0.036892108619213104,0.05345696210861206,0.053915344178676605,0.013222912326455116,0.18596962094306946,0.1867656707763672,0.2895895838737488
I-210714_O01003_T03,Temporal union,40,0.0223950557410717,0.02208111062645912,0.34354448318481445,0.08185843378305435,27.643423080444336,0.2940065562725067,0.0788024365901947
I-210714_O01003_T03,Ours-Conservative,40,0.021786963567137718,0.02420269511640072,0.20701846480369568,0.0431140772998333,18.127262115478516,0.23795929551124573,0.13894698023796082
I-210714_O01003_T03,Ours-Balanced,40,0.03604639694094658,0.05258827656507492,0.05814236402511597,0.013607731088995934,0.42289596796035767,0.19019347429275513,0.2735348343849182
I-210715_I03012_W06,Boundary-only,40,0.018829427659511566,0.05003512650728226,0.009446975775063038,0.0056495447643101215,0.09690102189779282,0.308685839176178,0.40183156728744507
I-210715_I03012_W06,Temporal union,40,0.014523202553391457,0.021933922544121742,0.12285108864307404,0.019691411405801773,4.585023880004883,0.33607277274131775,0.19159309566020966
I-210715_I03012_W06,Ours-Conservative,40,0.016831213608384132,0.0392722487449646,0.04750931262969971,0.010637391358613968,3.278111457824707,0.3059666156768799,0.2943911850452423
I-210715_I03012_W06,Ours-Balanced,40,0.01810237392783165,0.04817349463701248,0.009700754657387733,0.0056962803937494755,0.2872067093849182,0.3116585314273834,0.4009998142719269
I-210715_I06019_T02,Boundary-only,40,0.02314002253115177,0.039399340748786926,0.01696896180510521,0.008571786805987358,0.05527745932340622,0.33283793926239014,0.18554572761058807
I-210715_I06019_T02,Temporal union,40,0.011638892814517021,0.012230880558490753,0.06043148785829544,0.01592918299138546,1.0323960781097412,0.3904440402984619,0.053067464381456375
I-210715_I06019_T02,Ours-Conservative,40,0.010110819712281227,0.01088114082813263,0.05286763235926628,0.013427669182419777,0.9170148968696594,0.3482535779476166,0.07131470739841461
I-210715_I06019_T02,Ours-Balanced,40,0.02006290666759014,0.0342707484960556,0.020321408286690712,0.008929531089961529,0.2761485278606415,0.33407890796661377,0.16142688691616058
I-210715_I09026_W02,Boundary-only,40,0.016504773870110512,0.04622254520654678,0.03956354781985283,0.012141266837716103,0.05859878659248352,0.1593591272830963,0.31348034739494324
I-210715_I09026_W02,Temporal union,40,0.023343000560998917,0.02038882113993168,0.31929948925971985,0.06016935035586357,0.9482251405715942,0.17768245935440063,0.1461634784936905
I-210715_I09026_W02,Ours-Conservative,40,0.018516799435019493,0.023884881287813187,0.2384074479341507,0.04630974680185318,0.7828189134597778,0.21041163802146912,0.1567959189414978
I-210715_I09026_W02,Ours-Balanced,40,0.014297905378043652,0.04456452652812004,0.046885669231414795,0.013002079911530018,0.250247061252594,0.16353042423725128,0.2823634743690491
I-210717_I05016_T06,Boundary-only,40,0.013939659111201763,0.028933238238096237,0.05479476600885391,0.011781254783272743,0.05326349288225174,0.19481952488422394,0.16475807130336761
I-210717_I05016_T06,Temporal union,40,0.011302908882498741,0.017486264929175377,0.08866848796606064,0.017172392457723618,0.23651710152626038,0.22035065293312073,0.12642446160316467
I-210717_I05016_T06,Ours-Conservative,40,0.01044910866767168,0.017429497092962265,0.07259683310985565,0.014318170957267284,0.16515690088272095,0.22177955508232117,0.14829596877098083
I-210717_I05016_T06,Ours-Balanced,40,0.010406768880784512,0.02046811953186989,0.06889025866985321,0.013135865330696106,0.12035388499498367,0.20031322538852692,0.12064945697784424
I-210718_O08036_W04,Boundary-only,40,0.020552750676870346,0.028156235814094543,0.05096084997057915,0.011206171475350857,0.458819180727005,0.0836101770401001,0.4721321165561676
I-210718_O08036_W04,Temporal union,40,0.008407048881053925,0.008922990411520004,0.06978724151849747,0.014142045751214027,10.984926223754883,0.13658767938613892,0.22028306126594543
I-210718_O08036_W04,Ours-Conservative,40,0.01052835676819086,0.01401367038488388,0.05489134043455124,0.011739341542124748,2.514313220977783,0.1109672337770462,0.32039502263069153
I-210718_O08036_W04,Ours-Balanced,40,0.019660914316773415,0.02663128450512886,0.051289983093738556,0.011242607608437538,0.8126965165138245,0.0850527435541153,0.46168243885040283
I-210719_I01006_W03,Boundary-only,40,0.009423734620213509,0.022319961339235306,0.016362298280000687,0.008237523958086967,0.34174981713294983,0.14502349495887756,0.6406143307685852
I-210719_I01006_W03,Temporal union,40,0.013920743949711323,0.021174263209104538,0.1468246877193451,0.03127386420965195,17.930234909057617,0.183429554104805,0.3920948803424835
I-210719_I01006_W03,Ours-Conservative,40,0.008664657361805439,0.020546581596136093,0.018792513757944107,0.008575351908802986,2.1038386821746826,0.14862895011901855,0.6128085851669312
I-210719_I01006_W03,Ours-Balanced,40,0.009075099602341652,0.021754462271928787,0.016727646812796593,0.008271697908639908,0.7631843686103821,0.1456342339515686,0.6375223994255066
I-210719_O04020_W01,Boundary-only,40,0.04101516678929329,0.06678672879934311,0.20767202973365784,0.026710737496614456,0.1318742334842682,0.2123139202594757,0.2959284782409668
I-210719_O04020_W01,Temporal union,40,0.028230691328644753,0.026831496506929398,0.6580223441123962,0.18419626355171204,12.893329620361328,0.23634445667266846,0.06249312683939934
I-210719_O04020_W01,Ours-Conservative,40,0.02777961455285549,0.03354480117559433,0.28613507747650146,0.04048492759466171,2.6701838970184326,0.21205897629261017,0.16603156924247742
I-210719_O04020_W01,Ours-Balanced,40,0.03940373659133911,0.06313636898994446,0.21307078003883362,0.02722783014178276,0.5174570083618164,0.211721271276474,0.28039664030075073
I-210720_I03013_T01,Boundary-only,40,0.002749219536781311,0.008787942118942738,0.003686219919472933,0.0035410276614129543,0.09862060844898224,0.14993862807750702,0.5712890625
I-210720_I03013_T01,Temporal union,40,0.003024702426046133,0.0038914536125957966,0.026895975694060326,0.007074962370097637,0.34621673822402954,0.1798301786184311,0.3654836118221283
I-210720_I03013_T01,Ours-Conservative,40,0.0034943222999572754,0.005329269915819168,0.01904943957924843,0.005966394208371639,0.25492051243782043,0.17818886041641235,0.4066152274608612
I-210720_I03013_T01,Ours-Balanced,40,0.0023116259835660458,0.006812687031924725,0.006864589639008045,0.00407544756308198,0.203395277261734,0.150674968957901,0.5642232894897461
I-210720_I08024_T03,Boundary-only,40,0.03950167074799538,0.06863196194171906,0.029494624584913254,0.006910176482051611,0.22718994319438934,0.18306490778923035,0.44578519463539124
I-210720_I08024_T03,Temporal union,40,0.019706321880221367,0.02023213542997837,0.2629091739654541,0.06606743484735489,15.07521915435791,0.3048956096172333,0.10057202726602554
I-210720_I08024_T03,Ours-Conservative,40,0.03242575749754906,0.0454784519970417,0.12034568935632706,0.025760164484381676,5.905401706695557,0.23307926952838898,0.23197418451309204
I-210720_I08024_T03,Ours-Balanced,40,0.0415685698390007,0.07389034330844879,0.03078530728816986,0.007053258828818798,0.37888848781585693,0.18521937727928162,0.4250897169113159
I-210720_I08024_W01,Boundary-only,40,0.031075458973646164,0.05057011917233467,0.02023085579276085,0.005560866557061672,0.32836997509002686,0.10313738137483597,0.5019049048423767
I-210720_I08024_W01,Temporal union,40,0.019334498792886734,0.025152552872896194,0.08797009289264679,0.01863855868577957,13.389028549194336,0.207315132021904,0.1018311083316803
I-210720_I08024_W01,Ours-Conservative,40,0.02570626139640808,0.040119268000125885,0.039026547223329544,0.008503708057105541,4.219701290130615,0.14550015330314636,0.35836929082870483
I-210720_I08024_W01,Ours-Balanced,40,0.030355948954820633,0.04959530755877495,0.020493749529123306,0.005591992288827896,0.5504859685897827,0.10429424047470093,0.4941096305847168
I-210720_O12052_T04,Boundary-only,40,0.019844189286231995,0.040828052908182144,0.04613514989614487,0.010180004872381687,0.08974891155958176,0.22577716410160065,0.2983304262161255
I-210720_O12052_T04,Temporal union,40,0.024061428382992744,0.020601991564035416,0.3386078476905823,0.07132703810930252,4.489186763763428,0.2547169327735901,0.08607232570648193
I-210720_O12052_T04,Ours-Conservative,40,0.020851489156484604,0.024704210460186005,0.25562185049057007,0.05267993360757828,3.662139415740967,0.2697429358959198,0.11708232760429382
I-210720_O12052_T04,Ours-Balanced,40,0.019764263182878494,0.04067132622003555,0.0520438551902771,0.010796776041388512,0.3895108103752136,0.22832778096199036,0.2864011228084564
I-210722_O01007_W05,Boundary-only,40,0.03458365052938461,0.054289311170578,0.06134467199444771,0.013807606883347034,0.5885374546051025,0.12194912135601044,0.3976515829563141
I-210722_O01007_W05,Temporal union,40,0.012280872091650963,0.013280026614665985,0.08325346559286118,0.01784709095954895,12.699312210083008,0.2063785195350647,0.0724448561668396
I-210722_O01007_W05,Ours-Conservative,40,0.017402812838554382,0.021841729059815407,0.07056357711553574,0.015471845865249634,4.4735107421875,0.191196471452713,0.15992382168769836
I-210722_O01007_W05,Ours-Balanced,40,0.03302496671676636,0.05211696773767471,0.06253553926944733,0.013914505019783974,1.8146039247512817,0.12347419559955597,0.38517969846725464
I-210722_O11046_T03,Boundary-only,40,0.01795480214059353,0.03417525067925453,0.10031571239233017,0.016023794189095497,0.11747971922159195,0.17161382734775543,0.31596627831459045
I-210722_O11046_T03,Temporal union,40,0.015039125457406044,0.01784164272248745,0.21858151257038116,0.04259701818227768,2.648935079574585,0.2681651711463928,0.08111274987459183
I-210722_O11046_T03,Ours-Conservative,40,0.013841763138771057,0.017748555168509483,0.17596784234046936,0.031121712177991867,2.006788730621338,0.20717880129814148,0.12844352424144745
I-210722_O11046_T03,Ours-Balanced,40,0.016606394201517105,0.03120754286646843,0.11109670251607895,0.017312604933977127,0.3596729040145874,0.17204120755195618,0.30467531085014343
I-210722_O12051_T01,Boundary-only,40,0.02654355764389038,0.032392844557762146,0.13007283210754395,0.020264295861124992,0.054736193269491196,0.24605107307434082,0.20404990017414093
I-210722_O12051_T01,Temporal union,40,0.03296024352312088,0.03364752605557442,0.44658613204956055,0.08599062263965607,2.8631319999694824,0.32009732723236084,0.050510913133621216
I-210722_O12051_T01,Ours-Conservative,40,0.01856212690472603,0.02235783264040947,0.20864471793174744,0.031186064705252647,1.436185359954834,0.2584100663661957,0.10586204379796982
I-210722_O12051_T01,Ours-Balanced,40,0.02477804757654667,0.030277645215392113,0.14225856959819794,0.021323516964912415,0.16595053672790527,0.24931521713733673,0.190346822142601
I-210724_O04020_W04,Boundary-only,40,0.0313057117164135,0.07315737009048462,0.05175154283642769,0.010035060346126556,0.20310409367084503,0.1379747837781906,0.4049477279186249
I-210724_O04020_W04,Temporal union,40,0.01850798912346363,0.02362010069191456,0.0976232960820198,0.027059901505708694,3.6172070503234863,0.2717176675796509,0.14383086562156677
I-210724_O04020_W04,Ours-Conservative,40,0.019810501486063004,0.033867012709379196,0.09175091981887817,0.02083427831530571,3.182162284851074,0.2321597784757614,0.17004631459712982
I-210724_O04020_W04,Ours-Balanced,40,0.029716987162828445,0.07073714584112167,0.05362386628985405,0.010235412046313286,0.7361907362937927,0.13858117163181305,0.3981442153453827
I-210725_O04019_T03,Boundary-only,40,0.021195193752646446,0.04480641335248947,0.15176726877689362,0.02188582345843315,0.08720329403877258,0.10879679024219513,0.38002610206604004
I-210725_O04019_T03,Temporal union,40,0.0104063730686903,0.010506409220397472,0.375843346118927,0.10832679271697998,2.933773994445801,0.4015650153160095,0.03350340947508812
I-210725_O04019_T03,Ours-Conservative,40,0.010676240548491478,0.01816079393029213,0.19174030423164368,0.028257405385375023,0.9978672862052917,0.13841746747493744,0.18348731100559235
I-210725_O04019_T03,Ours-Balanced,40,0.01681169867515564,0.03693782538175583,0.1575203537940979,0.022497842088341713,0.24781765043735504,0.11050242930650711,0.3672359585762024
I-210725_O12050_T01,Boundary-only,40,0.04008863866329193,0.06135314702987671,0.1371052861213684,0.025859493762254715,0.0599137581884861,0.27752363681793213,0.1276809573173523
I-210725_O12050_T01,Temporal union,40,0.029034828767180443,0.02736828848719597,0.7493686079978943,0.17201831936836243,5.709161281585693,0.27037644386291504,0.022304462268948555
I-210725_O12050_T01,Ours-Conservative,40,0.029176676645874977,0.032036192715168,0.37305012345314026,0.08630440384149551,3.631619930267334,0.2846161425113678,0.045032814145088196
I-210725_O12050_T01,Ours-Balanced,40,0.03705018758773804,0.05488262698054314,0.17719173431396484,0.031324539333581924,0.17464002966880798,0.27975553274154663,0.08983008563518524
I-210726_O08038_W05,Boundary-only,40,0.020315811038017273,0.02804616652429104,0.003873236011713743,0.004749176558107138,0.17320330440998077,0.1266069859266281,0.7417802810668945
I-210726_O08038_W05,Temporal union,40,0.015528443269431591,0.019183102995157242,0.059628941118717194,0.010884259827435017,6.751271724700928,0.165287047624588,0.4274660646915436
I-210726_O08038_W05,Ours-Conservative,40,0.013418232090771198,0.01707366667687893,0.030663471668958664,0.007245942018926144,5.095073223114014,0.13904011249542236,0.5673325061798096
I-210726_O08038_W05,Ours-Balanced,40,0.01977250911295414,0.027362141758203506,0.0038512118626385927,0.004796900786459446,0.6204368472099304,0.12692001461982727,0.7388617396354675
I-210729_I03011_W04,Boundary-only,40,0.02430364117026329,0.047990262508392334,0.097816601395607,0.01681395247578621,0.0555010624229908,0.1743934154510498,0.35538727045059204
I-210729_I03011_W04,Temporal union,40,0.051124900579452515,0.05053336173295975,0.8911522626876831,0.2412412166595459,3.6143596172332764,0.2941749691963196,0.01831962540745735
I-210729_I03011_W04,Ours-Conservative,40,0.02819281443953514,0.03235594183206558,0.4313320219516754,0.08672861009836197,1.8736447095870972,0.28919854760169983,0.05075304955244064
I-210729_I03011_W04,Ours-Balanced,40,0.02058960497379303,0.039428114891052246,0.10697269439697266,0.01786561869084835,0.2677287757396698,0.17837786674499512,0.33154234290122986
I-210729_I09026_T10,Boundary-only,40,0.012980645522475243,0.025263642892241478,0.033760685473680496,0.010918067768216133,0.07683821767568588,0.1441434770822525,0.37876641750335693
I-210729_I09026_T10,Temporal union,40,0.017550047487020493,0.018723640590906143,0.5618788599967957,0.11589069664478302,2.850133180618286,0.22464428842067719,0.09807281941175461
I-210729_I09026_T10,Ours-Conservative,40,0.01547711156308651,0.01820196583867073,0.2866571843624115,0.047259457409381866,1.6859136819839478,0.17338640987873077,0.17353349924087524
I-210729_I09026_T10,Ours-Balanced,40,0.011631207540631294,0.02293294295668602,0.03893269971013069,0.011423839256167412,0.28345566987991333,0.1450362503528595,0.36393171548843384
I-210729_O04019_W03,Boundary-only,40,0.019731346517801285,0.047400157898664474,0.047952838242053986,0.011646652594208717,0.08419451862573624,0.28075119853019714,0.27317002415657043
I-210729_O04019_W03,Temporal union,40,0.015151473693549633,0.013727575540542603,0.3030698001384735,0.06963590532541275,1.7496721744537354,0.30144593119621277,0.10057687759399414
I-210729_O04019_W03,Ours-Conservative,40,0.014744902029633522,0.02060229703783989,0.1546875685453415,0.03288445994257927,0.9531928896903992,0.2740001380443573,0.13437232375144958
I-210729_O04019_W03,Ours-Balanced,40,0.017578357830643654,0.04115593060851097,0.053961288183927536,0.012249082326889038,0.26261335611343384,0.2843930423259735,0.25925901532173157
I-210729_O12050_T05,Boundary-only,40,0.02107365056872368,0.04102548211812973,0.09378127753734589,0.016773095354437828,0.06388384848833084,0.19883540272712708,0.26705145835876465
I-210729_O12050_T05,Temporal union,40,0.015240048989653587,0.01757708564400673,0.4182942807674408,0.0875752717256546,4.046586036682129,0.2543626129627228,0.06221465393900871
I-210729_O12050_T05,Ours-Conservative,40,0.01655753329396248,0.02194952964782715,0.29342833161354065,0.057963572442531586,3.272829055786133,0.24104651808738708,0.11969295144081116
I-210729_O12050_T05,Ours-Balanced,40,0.02019696868956089,0.03982783481478691,0.10251835733652115,0.017563505098223686,0.2258330136537552,0.20227546989917755,0.2433585375547409
I-210730_O01008_T02,Boundary-only,40,0.039318133145570755,0.09141808748245239,0.1622702181339264,0.023504529148340225,0.09302019327878952,0.18714594841003418,0.30665117502212524
I-210730_O01008_T02,Temporal union,40,0.04141231253743172,0.04073290899395943,0.8432759046554565,0.2646004259586334,3.8764123916625977,0.27831369638442993,0.04428132250905037
I-210730_O01008_T02,Ours-Conservative,40,0.034829504787921906,0.04502580314874649,0.5280405879020691,0.1399672031402588,2.2318272590637207,0.30396682024002075,0.051692601293325424
I-210730_O01008_T02,Ours-Balanced,40,0.0359753742814064,0.08164466917514801,0.17416194081306458,0.024996396154165268,0.3983010947704315,0.18922676146030426,0.28961774706840515
I-210730_O12055_T18,Boundary-only,40,0.019801026210188866,0.03931998834013939,0.10234160721302032,0.017400039359927177,0.06517618149518967,0.28161653876304626,0.19509407877922058
I-210730_O12055_T18,Temporal union,40,0.028967415913939476,0.026261791586875916,0.6206651926040649,0.11188280582427979,3.6951310634613037,0.23863685131072998,0.09432069957256317
I-210730_O12055_T18,Ours-Conservative,40,0.01659638062119484,0.026612132787704468,0.13827399909496307,0.02273981086909771,0.4565909802913666,0.29193660616874695,0.16612805426120758
I-210730_O12055_T18,Ours-Balanced,40,0.017823662608861923,0.03371023014187813,0.11084331572055817,0.018120745196938515,0.18662267923355103,0.2800767421722412,0.1677897721529007
I-210804_I03013_T05,Boundary-only,40,0.029273325577378273,0.05001194030046463,0.06879793107509613,0.013859513215720654,0.07083024829626083,0.21695107221603394,0.2701399028301239
I-210804_I03013_T05,Temporal union,40,0.02569599077105522,0.026552611961960793,0.7728363275527954,0.19753706455230713,5.223569869995117,0.21830593049526215,0.08691247552633286
I-210804_I03013_T05,Ours-Conservative,40,0.025449996814131737,0.032601796090602875,0.4135602116584778,0.09634804725646973,2.941751718521118,0.25324711203575134,0.13819661736488342
I-210804_I03013_T05,Ours-Balanced,40,0.0270221084356308,0.04580629989504814,0.07847809791564941,0.015065100975334644,0.2823694050312042,0.21967251598834991,0.2508787512779236
I-210804_O07031_W06,Boundary-only,40,0.03829464316368103,0.0725008025765419,0.11210067570209503,0.019275257363915443,0.09792546927928925,0.26259279251098633,0.221058651804924
I-210804_O07031_W06,Temporal union,40,0.02127407304942608,0.022957894951105118,0.22926750779151917,0.040638476610183716,3.056032657623291,0.2540675103664398,0.10570687800645828
I-210804_O07031_W06,Ours-Conservative,40,0.02470274642109871,0.04154173657298088,0.2103111296892166,0.03493215888738632,2.726508140563965,0.24983303248882294,0.11822663992643356
I-210804_O07031_W06,Ours-Balanced,40,0.03852475434541702,0.07462114095687866,0.11402974277734756,0.019485672935843468,0.3094259202480316,0.2642323076725006,0.2121521681547165
I-210807_I02010_T02,Boundary-only,40,0.015664774924516678,0.03855643421411514,0.06381018459796906,0.011510937474668026,0.12623199820518494,0.11405429989099503,0.4806506335735321
I-210807_I02010_T02,Temporal union,40,0.015837300568819046,0.01892983540892601,0.2721903324127197,0.06579390913248062,1.842581868171692,0.22241905331611633,0.0845700204372406
I-210807_I02010_T02,Ours-Conservative,40,0.014258679933845997,0.020448554307222366,0.18585699796676636,0.04122457653284073,1.3981484174728394,0.1920916885137558,0.17488235235214233
I-210807_I02010_T02,Ours-Balanced,40,0.013746959157288074,0.03346665948629379,0.07206134498119354,0.012592047452926636,0.4803212583065033,0.11587365716695786,0.46617391705513
I-210807_I02010_T04,Boundary-only,40,0.014538410119712353,0.038210272789001465,0.08256324380636215,0.014007950201630592,0.1686471551656723,0.09685824811458588,0.5283769369125366
I-210807_I02010_T04,Temporal union,40,0.010237149894237518,0.01223315391689539,0.22670583426952362,0.03919757157564163,5.72780179977417,0.14432385563850403,0.24298961460590363
I-210807_I02010_T04,Ours-Conservative,40,0.010463263839483261,0.0215549748390913,0.11333384364843369,0.018242906779050827,1.5738447904586792,0.1290380209684372,0.3112866282463074
I-210807_I02010_T04,Ours-Balanced,40,0.012208341620862484,0.033611126244068146,0.08482889831066132,0.014278704300522804,0.5491289496421814,0.09810800850391388,0.5176292657852173
I-210811_I02008_T01,Boundary-only,40,0.02154526673257351,0.047848813235759735,0.02329547330737114,0.009783091023564339,0.0885910838842392,0.1721571981906891,0.29455095529556274
I-210811_I02008_T01,Temporal union,40,0.016285208985209465,0.0152288768440485,0.09731771796941757,0.029695216566324234,0.9730455279350281,0.28329071402549744,0.11435333639383316
I-210811_I02008_T01,Ours-Conservative,40,0.017351096495985985,0.016344094648957253,0.07669766992330551,0.024663051590323448,0.7417577505111694,0.25326085090637207,0.12456666678190231
I-210811_I02008_T01,Ours-Balanced,40,0.02010248973965645,0.045711785554885864,0.026599343866109848,0.010469140484929085,0.31502631306648254,0.17719516158103943,0.26700714230537415
I-210811_O11046_T02,Boundary-only,40,0.01935691013932228,0.03728346899151802,0.11147606372833252,0.01798144355416298,0.09403247386217117,0.19092433154582977,0.2608295977115631
I-210811_O11046_T02,Temporal union,40,0.016323089599609375,0.016104724258184433,0.2705670893192291,0.054194580763578415,1.1592481136322021,0.2532897889614105,0.08505032956600189
I-210811_O11046_T02,Ours-Conservative,40,0.0141183165833354,0.014881426468491554,0.19993945956230164,0.035040177404880524,0.7913812398910522,0.21560421586036682,0.1360907256603241
I-210811_O11046_T02,Ours-Balanced,40,0.017786871641874313,0.034142039716243744,0.12541139125823975,0.01939995586872101,0.3366081118583679,0.1916983723640442,0.2555072009563446
I-210818_I03012_T06,Boundary-only,40,0.006921990308910608,0.020371872931718826,0.016345106065273285,0.007910910062491894,0.07123903185129166,0.1113942489027977,0.5320735573768616
I-210818_I03012_T06,Temporal union,40,0.010480998083949089,0.012997517362236977,0.10942854732275009,0.02468837797641754,1.3550047874450684,0.24910412728786469,0.1479431837797165
I-210818_I03012_T06,Ours-Conservative,40,0.006662989500910044,0.01104352530092001,0.06368212401866913,0.015090418048202991,1.0000485181808472,0.16422583162784576,0.2871166169643402
I-210818_I03012_T06,Ours-Balanced,40,0.005406258162111044,0.011452225968241692,0.018049070611596107,0.00817562360316515,0.28862571716308594,0.11940288543701172,0.47212663292884827
I-210824_I04015_W04,Boundary-only,40,0.012316116131842136,0.027138346806168556,0.008406197652220726,0.008203673176467419,0.13830307126045227,0.18015578389167786,0.43051856756210327
I-210824_I04015_W04,Temporal union,40,0.009812084957957268,0.012518247589468956,0.0487348847091198,0.015463963150978088,1.5012179613113403,0.2356880158185959,0.24350081384181976
I-210824_I04015_W04,Ours-Conservative,40,0.008962498046457767,0.012401849031448364,0.0327223464846611,0.012028947472572327,1.0691124200820923,0.19614383578300476,0.25076135993003845
I-210824_I04015_W04,Ours-Balanced,40,0.011636965908110142,0.025450075045228004,0.009524611756205559,0.008343333378434181,0.4336821138858795,0.18504634499549866,0.4189399182796478
I-210824_I04015_W12,Boundary-only,40,0.00475746626034379,0.013948999345302582,0.025404006242752075,0.009064912796020508,0.07028144598007202,0.15727819502353668,0.5615819096565247
I-210824_I04015_W12,Temporal union,40,0.004320843610912561,0.01101431529968977,0.0396079421043396,0.011280113831162453,1.120086431503296,0.19471436738967896,0.39893415570259094
I-210824_I04015_W12,Ours-Conservative,40,0.004580816254019737,0.01155828032642603,0.0356694795191288,0.010669677518308163,0.9210805892944336,0.18153174221515656,0.42212989926338196
I-210824_I04015_W12,Ours-Balanced,40,0.004545876756310463,0.01229411456733942,0.026458119973540306,0.009182311594486237,0.3220740854740143,0.16081637144088745,0.5343191623687744
I-210824_I09029_T06,Boundary-only,40,0.006262491457164288,0.010234693996608257,0.09065805375576019,0.01710730418562889,0.0023508111480623484,0.20428569614887238,0.22045399248600006
I-210824_I09029_T06,Temporal union,40,0.007579398807138205,0.010734589770436287,0.09318013489246368,0.017514437437057495,0.004421871621161699,0.19472992420196533,0.2700091302394867
I-210824_I09029_T06,Ours-Conservative,40,0.007579398807138205,0.010734589770436287,0.09318013489246368,0.017514437437057495,0.004421871621161699,0.19472992420196533,0.2700091302394867
I-210824_I09029_T06,Ours-Balanced,40,0.005289715714752674,0.009339595213532448,0.09579887241125107,0.017467334866523743,0.04290729761123657,0.20474542677402496,0.21768715977668762
I-210824_I09031_T09,Boundary-only,40,0.013335460796952248,0.03079947456717491,0.01128761749714613,0.009032974019646645,0.05427315831184387,0.11426310986280441,0.5234606862068176
I-210824_I09031_T09,Temporal union,40,0.012386765331029892,0.026250114664435387,0.044537581503391266,0.015349564142525196,0.404453843832016,0.2065572440624237,0.22695277631282806
I-210824_I09031_T09,Ours-Conservative,40,0.012472370639443398,0.027589861303567886,0.034432653337717056,0.012519948184490204,0.29557254910469055,0.16583459079265594,0.260867178440094
I-210824_I09031_T09,Ours-Balanced,40,0.012072643265128136,0.028475770726799965,0.014052195474505424,0.009286629036068916,0.18582679331302643,0.1145973950624466,0.51841801404953
I-210907_O03015_W03,Boundary-only,40,0.008559968322515488,0.01999310776591301,0.012311050668358803,0.004383357707411051,0.267535537481308,0.1303471177816391,0.45949670672416687
I-210907_O03015_W03,Temporal union,40,0.005191692151129246,0.009230239316821098,0.019515659660100937,0.005506300367414951,1.8778760433197021,0.1472797989845276,0.3321979343891144
I-210907_O03015_W03,Ours-Conservative,40,0.00585691723972559,0.010089308954775333,0.016479672864079475,0.005137718748301268,1.2142754793167114,0.14974667131900787,0.3601040840148926
I-210907_O03015_W03,Ours-Balanced,40,0.007918689399957657,0.018143093213438988,0.013079148717224598,0.00447583943605423,0.8451827764511108,0.13069424033164978,0.4540587067604065
I-210908_I09025_W01,Boundary-only,40,0.005698998924344778,0.011114083230495453,0.007733467034995556,0.006910702679306269,0.04676075652241707,0.30192887783050537,0.15815143287181854
I-210908_I09025_W01,Temporal union,40,0.006884281989187002,0.011003321036696434,0.03808477520942688,0.01024768315255642,0.24445953965187073,0.3085034191608429,0.13284733891487122
I-210908_I09025_W01,Ours-Conservative,40,0.006440702825784683,0.008996158838272095,0.03173074871301651,0.009148804470896721,0.18939101696014404,0.2991437315940857,0.139052614569664
I-210908_I09025_W01,Ours-Balanced,40,0.004877751227468252,0.009312273934483528,0.010251102969050407,0.007206651382148266,0.10357078909873962,0.30270376801490784,0.15246769785881042
I-210911_O07031_T02,Boundary-only,40,0.018350210040807724,0.030433278530836105,0.10608164221048355,0.017466560006141663,0.05559704825282097,0.21814648807048798,0.2709421217441559
I-210911_O07031_T02,Temporal union,40,0.01705540344119072,0.024616561830043793,0.3967016339302063,0.09069637209177017,1.5825601816177368,0.3759204149246216,0.09361212700605392
I-210911_O07031_T02,Ours-Conservative,40,0.018114754930138588,0.027735386043787003,0.29689913988113403,0.061300914734601974,1.1757476329803467,0.34964483976364136,0.1147497370839119
I-210911_O07031_T02,Ours-Balanced,40,0.016740519553422928,0.02864433266222477,0.11640121787786484,0.01833309791982174,0.21925128996372223,0.22066634893417358,0.2422080934047699
I-210924_O03014_T02,Boundary-only,40,0.02041361853480339,0.03898429125547409,0.1271861344575882,0.019410375505685806,0.0670524463057518,0.136856347322464,0.3022131621837616
I-210924_O03014_T02,Temporal union,40,0.010756037198007107,0.011844126507639885,0.25373512506484985,0.044705022126436234,1.0439565181732178,0.2870504856109619,0.07490194588899612
I-210924_O03014_T02,Ours-Conservative,40,0.011868116445839405,0.016761982813477516,0.21571524441242218,0.03339426964521408,0.7311593294143677,0.20911473035812378,0.09737184643745422
I-210924_O03014_T02,Ours-Balanced,40,0.015547079034149647,0.028332430869340897,0.14349567890167236,0.02097589522600174,0.3139190077781677,0.1397952437400818,0.27561652660369873
I-210924_O03014_W12,Boundary-only,40,0.022764557972550392,0.04388244077563286,0.11400731652975082,0.018229663372039795,0.13070717453956604,0.14245936274528503,0.40024539828300476
I-210924_O03014_W12,Temporal union,40,0.012811985798180103,0.0115370973944664,0.22278490662574768,0.035414788872003555,3.1830532550811768,0.2600562572479248,0.048896294087171555
I-210924_O03014_W12,Ours-Conservative,40,0.01136060617864132,0.01692337729036808,0.16886195540428162,0.026156533509492874,1.7459912300109863,0.2040393352508545,0.12091213464736938
I-210924_O03014_W12,Ours-Balanced,40,0.01955905184149742,0.03734492510557175,0.12056966125965118,0.01879913918673992,0.5610983371734619,0.14545504748821259,0.3714066743850708
I-210925_I04014_T01,Boundary-only,40,0.014322897419333458,0.026729026809334755,0.023829981684684753,0.007963987067341805,0.1108945980668068,0.22520285844802856,0.4348285496234894
I-210925_I04014_T01,Temporal union,40,0.0188934113830328,0.021373197436332703,0.22839955985546112,0.036423634737730026,2.9820406436920166,0.2967755198478699,0.07286728173494339
I-210925_I04014_T01,Ours-Conservative,40,0.01138256210833788,0.0170753113925457,0.056136272847652435,0.012848129495978355,0.8323883414268494,0.24232463538646698,0.22868239879608154
I-210925_I04014_T01,Ours-Balanced,40,0.013152164407074451,0.024886470288038254,0.026508618146181107,0.008237854577600956,0.3675228953361511,0.2253052443265915,0.418327659368515
I-210925_I04015_W07,Boundary-only,40,0.007930418476462364,0.026504969224333763,0.005596010480076075,0.007204944733530283,0.096157968044281,0.1663542240858078,0.4326760768890381
I-210925_I04015_W07,Temporal union,40,0.0042781345546245575,0.006868402007967234,0.023026451468467712,0.00907702837139368,0.6922747492790222,0.18651627004146576,0.2901803255081177
I-210925_I04015_W07,Ours-Conservative,40,0.0051416982896625996,0.0131155950948596,0.014642126858234406,0.008113978430628777,0.40981730818748474,0.177084818482399,0.3256679177284241
I-210925_I04015_W07,Ours-Balanced,40,0.005628161132335663,0.01830998994410038,0.008254745975136757,0.007459796033799648,0.2886456549167633,0.17278502881526947,0.35532087087631226
I-211003_I02010_W02,Boundary-only,40,0.005290513392537832,0.009038863703608513,0.0015510838711634278,0.005138517357409,0.09979604929685593,0.10589718073606491,0.665489137172699
I-211003_I02010_W02,Temporal union,40,0.005852137692272663,0.008300023153424263,0.0337958037853241,0.00822958443313837,1.2779641151428223,0.130080908536911,0.4040628969669342
I-211003_I02010_W02,Ours-Conservative,40,0.005068681668490171,0.007475470658391714,0.014119990170001984,0.006814924068748951,0.8257570266723633,0.12199702858924866,0.4929354190826416
I-211003_I02010_W02,Ours-Balanced,40,0.0044079311192035675,0.007481656968593597,0.0017780736088752747,0.005194680765271187,0.34890374541282654,0.10845722258090973,0.6240573525428772
I-211003_I04014_W04,Boundary-only,40,0.004243878647685051,0.006551130674779415,0.0028561470098793507,0.004935495555400848,0.08337267488241196,0.12217961996793747,0.44192269444465637
I-211003_I04014_W04,Temporal union,40,0.004913225769996643,0.006610316224396229,0.024330880492925644,0.007808215916156769,1.1019457578659058,0.19754807651042938,0.21288639307022095
I-211003_I04014_W04,Ours-Conservative,40,0.003893489483743906,0.0051450422033667564,0.011742746457457542,0.0060788788832724094,0.4163396656513214,0.1721682846546173,0.3026874363422394
I-211003_I04014_W04,Ours-Balanced,40,0.003965170122683048,0.006323675159364939,0.0031440681777894497,0.004983282648026943,0.2069428712129593,0.12208647280931473,0.4295516908168793
I-211003_O03015_W05,Boundary-only,40,0.015565520152449608,0.03682136908173561,0.04205753654241562,0.008476498536765575,0.09475196897983551,0.17503292858600616,0.47030648589134216
I-211003_O03015_W05,Temporal union,40,0.014130955561995506,0.01902811788022518,0.16419701278209686,0.0343439094722271,3.0284695625305176,0.267316609621048,0.15073254704475403
I-211003_O03015_W05,Ours-Conservative,40,0.012947621755301952,0.024479344487190247,0.12601828575134277,0.024178434163331985,2.344010829925537,0.25656890869140625,0.1788388341665268
I-211003_O03015_W05,Ours-Balanced,40,0.01439058780670166,0.03455748036503792,0.04434267431497574,0.008794601075351238,0.44612357020378113,0.17630241811275482,0.45908141136169434
I-211010_O08036_W03,Boundary-only,40,0.027206014841794968,0.04061436653137207,0.23015952110290527,0.027550112456083298,0.2415207177400589,0.07173396646976471,0.5982873439788818
I-211010_O08036_W03,Temporal union,40,0.01044873334467411,0.008062506094574928,0.3387971818447113,0.04439244419336319,19.797109603881836,0.11617986112833023,0.2796923518180847
I-211010_O08036_W03,Ours-Conservative,40,0.024744704365730286,0.04151025786995888,0.2436380833387375,0.028999989852309227,2.662566900253296,0.08280199766159058,0.500001072883606
I-211010_O08036_W03,Ours-Balanced,40,0.0272997859865427,0.04088182374835014,0.23041638731956482,0.027579480782151222,0.3295688331127167,0.07195740193128586,0.595551609992981
I-211010_O08036_W08,Boundary-only,40,0.003175359684973955,0.0012146702501922846,0.026361864060163498,0.004764756187796593,0.30043572187423706,0.10740429162979126,0.7563158273696899
I-211010_O08036_W08,Temporal union,40,0.002900844905525446,0.0014011149760335684,0.026433730497956276,0.005101119168102741,7.550559997558594,0.11047811061143875,0.7514143586158752
I-211010_O08036_W08,Ours-Conservative,40,0.0029608479235321283,0.0012104276102036238,0.026361864060163498,0.00484504085034132,3.1380956172943115,0.10854057222604752,0.7548638582229614
I-211010_O08036_W08,Ours-Balanced,40,0.0030229624826461077,0.0011860826052725315,0.026361864060163498,0.0047681392170488834,0.8729696869850159,0.10749579966068268,0.7562890648841858
I-211010_O08036_W09,Boundary-only,40,0.07023395597934723,0.07886947691440582,0.20865598320960999,0.02563975378870964,0.28276702761650085,0.12815095484256744,0.301310271024704
I-211010_O08036_W09,Temporal union,40,0.0055899969302117825,0.004218752030283213,0.25136199593544006,0.035645026713609695,10.705547332763672,0.17381371557712555,0.1505938321352005
I-211010_O08036_W09,Ours-Conservative,40,0.03468608111143112,0.040820810943841934,0.2258796989917755,0.029573088511824608,3.439502477645874,0.15582188963890076,0.2096804827451706
I-211010_O08036_W09,Ours-Balanced,40,0.06913416087627411,0.07952861487865448,0.20966915786266327,0.02580318972468376,0.5308784246444702,0.13159073889255524,0.28127676248550415
I-211011_I05017_T08,Boundary-only,40,0.009025482460856438,0.013067355379462242,0.020971406251192093,0.006943447981029749,0.12626110017299652,0.18738552927970886,0.46171995997428894
I-211011_I05017_T08,Temporal union,40,0.011159712448716164,0.012008331716060638,0.14493927359580994,0.028277654200792313,7.918419361114502,0.3261040449142456,0.19156892597675323
I-211011_I05017_T08,Ours-Conservative,40,0.007097773253917694,0.00882109347730875,0.029842441901564598,0.008165078237652779,0.9668702483177185,0.20827434957027435,0.3205297291278839
I-211011_I05017_T08,Ours-Balanced,40,0.007766952272504568,0.01094973273575306,0.021792614832520485,0.007033494301140308,0.3649434447288513,0.18788647651672363,0.4397105574607849
I-211011_I05017_T16,Boundary-only,40,0.007644569966942072,0.01895238272845745,0.003408638061955571,0.005910745821893215,0.11033499240875244,0.1804531365633011,0.5218901038169861
I-211011_I05017_T16,Temporal union,40,0.006334343459457159,0.00906546600162983,0.07839503139257431,0.01620630919933319,3.860511541366577,0.2233090102672577,0.3242138922214508
I-211011_I05017_T16,Ours-Conservative,40,0.005799693986773491,0.008134199306368828,0.05746622011065483,0.01267229299992323,2.292649030685425,0.19796819984912872,0.34724077582359314
I-211011_I05017_T16,Ours-Balanced,40,0.006787490099668503,0.01606644317507744,0.0037286286242306232,0.005956980399787426,0.3624984920024872,0.18185418844223022,0.5165492296218872
I-211014_I02008_W05,Boundary-only,40,0.0055960095487535,0.023406265303492546,0.006061901804059744,0.00617385795339942,0.027246909216046333,0.1261606216430664,0.42051324248313904
I-211014_I02008_W05,Temporal union,40,0.006711517460644245,0.011900240555405617,0.13906937837600708,0.028898468241095543,0.22839798033237457,0.18837182223796844,0.13655024766921997
I-211014_I02008_W05,Ours-Conservative,40,0.006873165722936392,0.014772757887840271,0.10518629848957062,0.020953338593244553,0.18850181996822357,0.17410370707511902,0.18876910209655762
I-211014_I02008_W05,Ours-Balanced,40,0.00478824507445097,0.01644969917833805,0.008235037326812744,0.006553092040121555,0.09171236306428909,0.12615616619586945,0.411613792181015
I-211025_O02012_T01,Boundary-only,40,0.0038197648245841265,0.009607939049601555,0.010216077789664268,0.004751352593302727,0.07144981622695923,0.12018539011478424,0.5745952129364014
I-211025_O02012_T01,Temporal union,40,0.009488916955888271,0.010055958293378353,0.11535926163196564,0.028102990239858627,1.7443621158599854,0.30915403366088867,0.08859586715698242
I-211025_O02012_T01,Ours-Conservative,40,0.009488916955888271,0.010055958293378353,0.11535926163196564,0.028102990239858627,1.7443621158599854,0.30915403366088867,0.08859586715698242
I-211025_O02012_T01,Ours-Balanced,40,0.0036384607665240765,0.009585114195942879,0.015310900285840034,0.005407438613474369,0.3926026225090027,0.12237289547920227,0.5567792654037476
I-211025_O02012_W05,Boundary-only,40,0.004606517031788826,0.012726393528282642,0.019853923469781876,0.006643408443778753,0.03690604493021965,0.08408687263727188,0.6489375233650208
I-211025_O02012_W05,Temporal union,40,0.007270868867635727,0.009237898513674736,0.14951223134994507,0.033004969358444214,0.6060048937797546,0.39920172095298767,0.11154916882514954
I-211025_O02012_W05,Ours-Conservative,40,0.0067198253236711025,0.009459263645112514,0.11348645389080048,0.02606295980513096,0.47693008184432983,0.36697065830230713,0.12514349818229675
I-211025_O02012_W05,Ours-Balanced,40,0.00421530194580555,0.011643851175904274,0.02621331252157688,0.007394334767013788,0.16793030500411987,0.08562155067920685,0.6338117122650146
I-211025_O11048_W10,Boundary-only,40,0.008539199829101562,0.015970148146152496,0.01118478737771511,0.008911080658435822,0.08194565027952194,0.08051922172307968,0.6649942398071289
I-211025_O11048_W10,Temporal union,40,0.010687438771128654,0.01359696127474308,0.298592746257782,0.06468482315540314,4.106725215911865,0.21234241127967834,0.22140784561634064
I-211025_O11048_W10,Ours-Conservative,40,0.008156065829098225,0.011785797774791718,0.08118996024131775,0.020636770874261856,1.6520984172821045,0.14357884228229523,0.35217589139938354
I-211025_O11048_W10,Ours-Balanced,40,0.007792177610099316,0.015401179902255535,0.011759578250348568,0.00899613555520773,0.2942134737968445,0.08389025181531906,0.624461829662323
I-211026_I08022_W07,Boundary-only,40,0.01644584722816944,0.022519459947943687,0.06124997138977051,0.010324431583285332,0.053763654083013535,0.12382160127162933,0.5256832242012024
I-211026_I08022_W07,Temporal union,40,0.019724875688552856,0.01989227719604969,0.3518607020378113,0.08306556195020676,1.5943868160247803,0.22689491510391235,0.059256915003061295
I-211026_I08022_W07,Ours-Conservative,40,0.018615741282701492,0.018831374123692513,0.2131868302822113,0.04321732372045517,1.0044952630996704,0.20946671068668365,0.1256285160779953
I-211026_I08022_W07,Ours-Balanced,40,0.014399965293705463,0.02131056971848011,0.06666513532400131,0.011026698164641857,0.2508518099784851,0.12526795268058777,0.5071765780448914
I-211026_O03015_T08,Boundary-only,40,0.0158352330327034,0.02588963508605957,0.13205726444721222,0.018952617421746254,0.043491434305906296,0.12896554172039032,0.33208954334259033
I-211026_O03015_T08,Temporal union,40,0.013567090034484863,0.01673034392297268,0.30994242429733276,0.06814570724964142,0.9211912751197815,0.29952722787857056,0.0640329048037529
I-211026_O03015_T08,Ours-Conservative,40,0.010464681312441826,0.015125023201107979,0.20456795394420624,0.03383446857333183,0.43137311935424805,0.20267993211746216,0.11064498871564865
I-211026_O03015_T08,Ours-Balanced,40,0.0138783510774374,0.02312520146369934,0.1448434740304947,0.020571770146489143,0.1731814593076706,0.13085411489009857,0.32234451174736023
I-211029_O11048_W09,Boundary-only,40,0.022679276764392853,0.046332549303770065,0.04754234477877617,0.010257836431264877,0.11070461571216583,0.07274515926837921,0.5971198081970215
I-211029_O11048_W09,Temporal union,40,0.018123308196663857,0.025080163031816483,0.33252236247062683,0.055538155138492584,6.610092639923096,0.18878264725208282,0.12904980778694153
I-211029_O11048_W09,Ours-Conservative,40,0.015600308775901794,0.023641517385840416,0.1489868313074112,0.025839831680059433,2.9937267303466797,0.1396966129541397,0.23501616716384888
I-211029_O11048_W09,Ours-Balanced,40,0.020615581423044205,0.042047273367643356,0.052215754985809326,0.010781040415167809,0.44878464937210083,0.07383909076452255,0.5907294750213623
I-211104_I01004_T04,Boundary-only,40,0.007641953881829977,0.015912245959043503,0.021658703684806824,0.01023554615676403,0.06051456183195114,0.1304507851600647,0.530223548412323
I-211104_I01004_T04,Temporal union,40,0.009597646072506905,0.01448667049407959,0.1716843843460083,0.040861696004867554,0.9549241662025452,0.23162269592285156,0.13804255425930023
I-211104_I01004_T04,Ours-Conservative,40,0.007847582921385765,0.009805530309677124,0.08711300045251846,0.021748727187514305,0.6073376536369324,0.16988632082939148,0.2504517436027527
I-211104_I01004_T04,Ours-Balanced,40,0.006701411213725805,0.01384974829852581,0.023171469569206238,0.010393778793513775,0.2268190085887909,0.1322440505027771,0.5214580297470093
I-211104_I01004_T08,Boundary-only,40,0.00596478721126914,0.01618344523012638,0.016879580914974213,0.009074768982827663,0.05410315468907356,0.05086781084537506,0.7661826610565186
I-211104_I01004_T08,Temporal union,40,0.015452636405825615,0.016179222613573074,0.2397557497024536,0.06291087716817856,0.9587228298187256,0.23577174544334412,0.0885109156370163
I-211104_I01004_T08,Ours-Conservative,40,0.014473110437393188,0.018073536455631256,0.11821456253528595,0.0257524736225605,0.5899688601493835,0.21981631219387054,0.16901111602783203
I-211104_I01004_T08,Ours-Balanced,40,0.00501550268381834,0.013610010966658592,0.01845235377550125,0.009249219670891762,0.17992907762527466,0.05236268788576126,0.7513192892074585
I-211105_I06019_T06,Boundary-only,40,0.019320441409945488,0.03987613692879677,0.06790747493505478,0.017359811812639236,0.060231540352106094,0.19320735335350037,0.2708262801170349
I-211105_I06019_T06,Temporal union,40,0.01668635569512844,0.018702659755945206,0.21687081456184387,0.04912140965461731,1.0220459699630737,0.3708276152610779,0.052405405789613724
I-211105_I06019_T06,Ours-Conservative,40,0.018140748143196106,0.021972309798002243,0.1803654432296753,0.04380707070231438,0.7842317223548889,0.36781829595565796,0.07549192011356354
I-211105_I06019_T06,Ours-Balanced,40,0.01776113174855709,0.03582192584872246,0.07438004016876221,0.01839861460030079,0.195792093873024,0.19567471742630005,0.23870205879211426
I-211107_O10045_W03,Boundary-only,40,0.0033592029940336943,0.007595440838485956,0.006498877890408039,0.0054979631677269936,0.01889844611287117,0.172115296125412,0.4776032269001007
I-211107_O10045_W03,Temporal union,40,0.00401181448251009,0.005695697385817766,0.03444293513894081,0.009012704715132713,0.20936036109924316,0.26151585578918457,0.13531960546970367
I-211107_O10045_W03,Ours-Conservative,40,0.0036758154164999723,0.005595026072114706,0.026224693283438683,0.008250530809164047,0.18659454584121704,0.25772544741630554,0.14642761647701263
I-211107_O10045_W03,Ours-Balanced,40,0.0031730004120618105,0.006955496966838837,0.007755509112030268,0.005764820612967014,0.06731544435024261,0.1798027753829956,0.46171945333480835
I-211107_O10045_W11,Boundary-only,40,0.024012211710214615,0.06837742030620575,0.011897900141775608,0.005897437687963247,0.06696018576622009,0.1086832582950592,0.533881664276123
I-211107_O10045_W11,Temporal union,40,0.015528211370110512,0.020871255546808243,0.18059107661247253,0.03555365651845932,2.5939018726348877,0.24629206955432892,0.08449967205524445
I-211107_O10045_W11,Ours-Conservative,40,0.015296955592930317,0.022314712405204773,0.15173625946044922,0.034554045647382736,1.992773175239563,0.2537749707698822,0.09782496839761734
I-211107_O10045_W11,Ours-Balanced,40,0.022515956312417984,0.06607967615127563,0.014176806434988976,0.006172540131956339,0.2963930666446686,0.10936414450407028,0.5286868810653687
I-211107_O10045_W20,Boundary-only,40,0.014565050601959229,0.04273638129234314,0.01699458621442318,0.005928858183324337,0.06865034252405167,0.05673321709036827,0.7231168150901794
I-211107_O10045_W20,Temporal union,40,0.012087428942322731,0.01765921711921692,0.3173055052757263,0.0841461792588234,1.9224509000778198,0.3125636875629425,0.08995354175567627
I-211107_O10045_W20,Ours-Conservative,40,0.01335179340094328,0.025202497839927673,0.21498148143291473,0.05458853766322136,1.456936001777649,0.24213869869709015,0.18436084687709808
I-211107_O10045_W20,Ours-Balanced,40,0.013766000047326088,0.04209970682859421,0.018568748608231544,0.00615496514365077,0.24815262854099274,0.05772843211889267,0.7154151797294617
I-211109_I07021_W05,Boundary-only,40,0.006400732789188623,0.010828392580151558,0.049456965178251266,0.01126319169998169,0.0125808697193861,0.23588261008262634,0.12491487711668015
I-211109_I07021_W05,Temporal union,40,0.006944744382053614,0.011472752317786217,0.06380309164524078,0.013105437159538269,0.07623092085123062,0.25990113615989685,0.24747318029403687
I-211109_I07021_W05,Ours-Conservative,40,0.006708838045597076,0.01135958917438984,0.06129760667681694,0.012836066074669361,0.059229910373687744,0.26382192969322205,0.2500472068786621
I-211109_I07021_W05,Ours-Balanced,40,0.005892712622880936,0.009979119524359703,0.07934598624706268,0.013967692852020264,0.0611947737634182,0.23950327932834625,0.08984871208667755
I-211109_I07021_W06,Boundary-only,40,0.006126127205789089,0.016918951645493507,0.03202200308442116,0.011397619731724262,0.020380385220050812,0.10895196348428726,0.5108405351638794
I-211109_I07021_W06,Temporal union,40,0.009054476395249367,0.015897825360298157,0.11027790606021881,0.024862777441740036,0.2993650734424591,0.16953623294830322,0.16631513833999634
I-211109_I07021_W06,Ours-Conservative,40,0.0076318904757499695,0.020971786230802536,0.08565421402454376,0.017620494589209557,0.22005198895931244,0.1527750939130783,0.2007928490638733
I-211109_I07021_W06,Ours-Balanced,40,0.005538300611078739,0.01779487356543541,0.03356599062681198,0.011700399219989777,0.09796899557113647,0.11115532368421555,0.5057812929153442
I-211117_I08022_T03,Boundary-only,40,0.017280805855989456,0.04394702613353729,0.05923442170023918,0.01019275188446045,0.020696839317679405,0.21682220697402954,0.20698398351669312
I-211117_I08022_T03,Temporal union,40,0.01806732639670372,0.024103645235300064,0.2957063317298889,0.1069498211145401,0.29441604018211365,0.2935464680194855,0.08009432256221771
I-211117_I08022_T03,Ours-Conservative,40,0.01714330166578293,0.02452896535396576,0.26924777030944824,0.0944918841123581,0.2825632393360138,0.2875221371650696,0.08876565098762512
I-211117_I08022_T03,Ours-Balanced,40,0.016106795519590378,0.043779920786619186,0.07880561053752899,0.012307524681091309,0.10002477467060089,0.2154342383146286,0.1896805614233017
I-211117_I08022_T07,Boundary-only,40,0.012981245294213295,0.02587907388806343,0.051911868155002594,0.010681597515940666,0.045145660638809204,0.1666899025440216,0.35579800605773926
I-211117_I08022_T07,Temporal union,40,0.012654157355427742,0.0165067370980978,0.24998411536216736,0.04706836864352226,0.576562762260437,0.278543621301651,0.09884368628263474
I-211117_I08022_T07,Ours-Conservative,40,0.012933027930557728,0.019689833745360374,0.1410900205373764,0.023160304874181747,0.3595675528049469,0.24526390433311462,0.17427058517932892
I-211117_I08022_T07,Ours-Balanced,40,0.01144547201693058,0.023925283923745155,0.06255263090133667,0.011684144847095013,0.17405056953430176,0.16657137870788574,0.3260432779788971
I-211117_O07035_T11,Boundary-only,40,0.030652275308966637,0.051945190876722336,0.051213108003139496,0.013864031061530113,0.11723987758159637,0.16679739952087402,0.4467439353466034
I-211117_O07035_T11,Temporal union,40,0.013125583529472351,0.014303517527878284,0.1893676519393921,0.027593040838837624,2.6519298553466797,0.18890781700611115,0.26144570112228394
I-211117_O07035_T11,Ours-Conservative,40,0.014653785154223442,0.02195657417178154,0.11284651607275009,0.01949974335730076,1.3358122110366821,0.18036065995693207,0.30449485778808594
I-211117_O07035_T11,Ours-Balanced,40,0.029251497238874435,0.050315238535404205,0.055780090391635895,0.014190150424838066,0.36054277420043945,0.1684248298406601,0.43156227469444275
I-211117_O07035_T19,Boundary-only,40,0.03629263490438461,0.06479410082101822,0.05016021803021431,0.012181146070361137,0.17912235856056213,0.16592733561992645,0.4556145668029785
I-211117_O07035_T19,Temporal union,40,0.017506444826722145,0.022220537066459656,0.18550586700439453,0.027191955596208572,10.43654727935791,0.19262714684009552,0.27099987864494324
I-211117_O07035_T19,Ours-Conservative,40,0.02551673725247383,0.05555429309606552,0.09862393140792847,0.016951555386185646,4.114542484283447,0.17666874825954437,0.35651901364326477
I-211117_O07035_T19,Ours-Balanced,40,0.03592412918806076,0.06419958919286728,0.05095071345567703,0.012245739810168743,0.46209532022476196,0.16712555289268494,0.4487682282924652
I-211117_O07035_T25,Boundary-only,40,0.009362420067191124,0.016238810494542122,0.06393889337778091,0.01489030010998249,0.07351434975862503,0.14044928550720215,0.4375948905944824
I-211117_O07035_T25,Temporal union,40,0.008242534473538399,0.011188285425305367,0.11666165292263031,0.02161877416074276,0.7784916162490845,0.20077620446681976,0.18484218418598175
I-211117_O07035_T25,Ours-Conservative,40,0.007939391769468784,0.011821255087852478,0.08841820806264877,0.01840323396027088,0.474143922328949,0.16890347003936768,0.27224794030189514
I-211117_O07035_T25,Ours-Balanced,40,0.008810619823634624,0.01582149602472782,0.06902913749217987,0.015579464845359325,0.23051109910011292,0.14223289489746094,0.4235318601131439
I-211129_I05017_T04,Boundary-only,40,0.007382059004157782,0.009721944108605385,0.017859725281596184,0.007454103324562311,0.027597108855843544,0.08716339617967606,0.4453444480895996
I-211129_I05017_T04,Temporal union,40,0.006411057896912098,0.006693035364151001,0.29470565915107727,0.040323399007320404,1.9568039178848267,0.15383994579315186,0.10798292607069016
I-211129_I05017_T04,Ours-Conservative,40,0.0061973994597792625,0.00649601686745882,0.24010220170021057,0.03350409120321274,1.6847610473632812,0.14998336136341095,0.11752302199602127
I-211129_I05017_T04,Ours-Balanced,40,0.006711653433740139,0.009262403473258018,0.024601656943559647,0.008042232133448124,0.145099475979805,0.08870568871498108,0.4316575825214386
I-211129_I05017_W03,Boundary-only,40,0.005304513033479452,0.008596105501055717,0.016503870487213135,0.007420309819281101,0.041080281138420105,0.06535927206277847,0.6818110346794128
I-211129_I05017_W03,Temporal union,40,0.012795090675354004,0.008156312629580498,0.3288515508174896,0.058856766670942307,1.5995031595230103,0.2590925097465515,0.1644206941127777
I-211129_I05017_W03,Ours-Conservative,40,0.007813684642314911,0.007011801935732365,0.21081912517547607,0.04421768710017204,1.2309004068374634,0.26227760314941406,0.23077818751335144
I-211129_I05017_W03,Ours-Balanced,40,0.005112203769385815,0.008494658395648003,0.018909204751253128,0.007790585048496723,0.13917873799800873,0.0662897452712059,0.6687783598899841
I-211129_O05023_W02,Boundary-only,40,0.004451690707355738,0.010514986701309681,0.048945698887109756,0.01203130278736353,0.04172045364975929,0.13381771743297577,0.4189200699329376
I-211129_O05023_W02,Temporal union,40,0.004724129103124142,0.006392342504113913,0.06616232544183731,0.015672827139496803,0.12662231922149658,0.1641179770231247,0.1581597626209259
I-211129_O05023_W02,Ours-Conservative,40,0.0046839164569973946,0.006479653064161539,0.06519098579883575,0.015372874215245247,0.12457577139139175,0.15674304962158203,0.16126921772956848
I-211129_O05023_W02,Ours-Balanced,40,0.004386036656796932,0.010532664135098457,0.05227883905172348,0.012399233877658844,0.11600364744663239,0.13419318199157715,0.4160650074481964
I-211129_O05023_W38,Boundary-only,40,0.018039520829916,0.02964421734213829,0.10461844503879547,0.01801489293575287,0.02826201356947422,0.08746993541717529,0.4230841100215912
I-211129_O05023_W38,Temporal union,40,0.04266934096813202,0.0426151342689991,0.9246902465820312,0.22128188610076904,1.2191046476364136,0.2135085016489029,0.04684620723128319
I-211129_O05023_W38,Ours-Conservative,40,0.039145030081272125,0.037449587136507034,0.8913418054580688,0.21277578175067902,1.1874414682388306,0.2070970982313156,0.05615789443254471
I-211129_O05023_W38,Ours-Balanced,40,0.017910877242684364,0.029163196682929993,0.13778917491436005,0.021190330386161804,0.15721677243709564,0.09335090965032578,0.39006131887435913
I-211129_O05023_W43,Boundary-only,40,0.015683282166719437,0.02323951944708824,0.1355789601802826,0.022031819447875023,0.024286512285470963,0.10927315056324005,0.34740400314331055
I-211129_O05023_W43,Temporal union,40,0.03821544721722603,0.03241732716560364,0.9600856900215149,0.19272653758525848,1.2326894998550415,0.2015693634748459,0.05270002409815788
I-211129_O05023_W43,Ours-Conservative,40,0.04001907259225845,0.03325865417718887,0.9307929873466492,0.17754514515399933,1.2151399850845337,0.20925362408161163,0.04848671332001686
I-211129_O05023_W43,Ours-Balanced,40,0.0157475546002388,0.023657280951738358,0.18356263637542725,0.02674078941345215,0.13410310447216034,0.11188114434480667,0.327607125043869
I-211203_I06020_T06,Boundary-only,40,0.009706469252705574,0.022844916209578514,0.03762330487370491,0.01345893181860447,0.010678797028958797,0.17919288575649261,0.28733962774276733
I-211203_I06020_T06,Temporal union,40,0.010031750425696373,0.011192570440471172,0.21488885581493378,0.053269289433956146,0.12987174093723297,0.2387862503528595,0.09712577611207962
I-211203_I06020_T06,Ours-Conservative,40,0.01038538757711649,0.013274475932121277,0.20931653678417206,0.051890719681978226,0.1258157640695572,0.24140818417072296,0.0960574820637703
I-211203_I06020_T06,Ours-Balanced,40,0.008971864357590675,0.020046954974532127,0.055124830454587936,0.014979732222855091,0.04770619422197342,0.1854558289051056,0.26719000935554504
I-211203_I06020_T08,Boundary-only,40,0.0059125227853655815,0.012293641455471516,0.03350991755723953,0.009227720089256763,0.013959527015686035,0.20455895364284515,0.39958471059799194
I-211203_I06020_T08,Temporal union,40,0.00844176858663559,0.010689420625567436,0.12204673141241074,0.03471256420016289,0.19345740973949432,0.29422715306282043,0.07118461281061172
I-211203_I06020_T08,Ours-Conservative,40,0.007340834941715002,0.010562093928456306,0.072205550968647,0.022877726703882217,0.09949643909931183,0.269362211227417,0.15776589512825012
I-211203_I06020_T08,Ours-Balanced,40,0.0053535448387265205,0.010801680386066437,0.03979594260454178,0.00982770137488842,0.03771355748176575,0.20473116636276245,0.3782852292060852
I-211203_O02011_T12,Boundary-only,40,0.0037639583460986614,0.005846293177455664,0.012070003896951675,0.00816655345261097,0.011690483428537846,0.14878226816654205,0.2982887625694275
I-211203_O02011_T12,Temporal union,40,0.006440408527851105,0.006215750239789486,0.08021154254674911,0.015905415639281273,0.16580714285373688,0.20024821162223816,0.053816843777894974
I-211203_O02011_T12,Ours-Conservative,40,0.006440408527851105,0.006215750239789486,0.08021154254674911,0.015905415639281273,0.16580714285373688,0.20024821162223816,0.053816843777894974
I-211203_O02011_T12,Ours-Balanced,40,0.0031473010312765837,0.005553104914724827,0.014940272085368633,0.008564351126551628,0.0704323798418045,0.15106520056724548,0.28183668851852417
I-211203_O02011_T27,Boundary-only,40,0.01295260339975357,0.02065928839147091,0.16951802372932434,0.02383749559521675,0.013549222610890865,0.13588513433933258,0.29119715094566345
I-211203_O02011_T27,Temporal union,40,0.011568738147616386,0.012408017180860043,0.38664186000823975,0.06225169450044632,0.21221749484539032,0.2686665952205658,0.04438215494155884
I-211203_O02011_T27,Ours-Conservative,40,0.011319488286972046,0.011909564957022667,0.38413771986961365,0.06204913184046745,0.20417658984661102,0.27228519320487976,0.04157674312591553
I-211203_O02011_T27,Ours-Balanced,40,0.011112909764051437,0.018163476139307022,0.1988830864429474,0.0269031785428524,0.07131882756948471,0.14232657849788666,0.2709605395793915
I-211203_O02011_T31,Boundary-only,40,0.0075541711412370205,0.009950900450348854,0.07821303606033325,0.015037605538964272,0.012064395472407341,0.19354382157325745,0.1814275085926056
I-211203_O02011_T31,Temporal union,40,0.009679190814495087,0.0092743756249547,0.1959303468465805,0.03363414481282234,0.07214261591434479,0.24255099892616272,0.04921739175915718
I-211203_O02011_T31,Ours-Conservative,40,0.009845228865742683,0.009790726937353611,0.18734045326709747,0.032591111958026886,0.06669116020202637,0.23542854189872742,0.050013262778520584
I-211203_O02011_T31,Ours-Balanced,40,0.007205913309007883,0.009741030633449554,0.12075002491474152,0.01899855211377144,0.04845442995429039,0.19279488921165466,0.1648879498243332
I-211206_O11046_W04,Boundary-only,40,0.040641359984874725,0.05998411774635315,0.2240443229675293,0.02747631072998047,0.08524494618177414,0.09911514073610306,0.42696869373321533
I-211206_O11046_W04,Temporal union,40,0.021511919796466827,0.01958766207098961,0.4808451533317566,0.08555995672941208,4.511508941650391,0.240443155169487,0.1077037826180458
I-211206_O11046_W04,Ours-Conservative,40,0.02685743011534214,0.03185997158288956,0.40629085898399353,0.059846777468919754,3.4200098514556885,0.17290432751178741,0.15454155206680298
I-211206_O11046_W04,Ours-Balanced,40,0.03949214518070221,0.05716899782419205,0.22977414727210999,0.02806607447564602,0.2900823652744293,0.09989222139120102,0.41945990920066833
I-211208_O05025_T05,Boundary-only,40,0.008523885160684586,0.012586508877575397,0.054706353694200516,0.012394823133945465,0.06739568710327148,0.11039929836988449,0.4358627200126648
I-211208_O05025_T05,Temporal union,40,0.009574765339493752,0.010278205387294292,0.24490061402320862,0.036588288843631744,1.3459552526474,0.12934382259845734,0.16962352395057678
I-211208_O05025_T05,Ours-Conservative,40,0.008484536781907082,0.009851129725575447,0.12777185440063477,0.021928194910287857,0.6009090542793274,0.10786763578653336,0.24460048973560333
I-211208_O05025_T05,Ours-Balanced,40,0.007587000727653503,0.01133636198937893,0.05944868177175522,0.012851198203861713,0.21422164142131805,0.1179615780711174,0.35528525710105896
I-211217_O06028_W04,Boundary-only,40,0.004647876136004925,0.0066184536553919315,0.014424150809645653,0.009143786504864693,0.06415913254022598,0.09438890963792801,0.527262270450592
I-211217_O06028_W04,Temporal union,40,0.005076945759356022,0.0051310136914253235,0.10211672633886337,0.024011941626667976,1.038059115409851,0.14385069906711578,0.2199477106332779
I-211217_O06028_W04,Ours-Conservative,40,0.00529653113335371,0.005590892396867275,0.08818408846855164,0.02160087414085865,0.8781472444534302,0.14011386036872864,0.26166635751724243
I-211217_O06028_W04,Ours-Balanced,40,0.004117028787732124,0.006295292172580957,0.017157787457108498,0.009417584165930748,0.21001994609832764,0.09538663923740387,0.518882155418396
I-211217_O06029_T07,Boundary-only,40,0.022573215886950493,0.04973612353205681,0.1736656129360199,0.025644749402999878,0.060258809477090836,0.17252713441848755,0.3334275186061859
I-211217_O06029_T07,Temporal union,40,0.01693100854754448,0.01971130445599556,0.3648381233215332,0.06266220659017563,0.7561938166618347,0.29445385932922363,0.07344211637973785
I-211217_O06029_T07,Ours-Conservative,40,0.016719525679945946,0.02302210032939911,0.3252050280570984,0.05481717735528946,0.5981498956680298,0.28344815969467163,0.08922437578439713
I-211217_O06029_T07,Ours-Balanced,40,0.02075837180018425,0.04554177075624466,0.19141681492328644,0.02747633494436741,0.24265871942043304,0.1733338087797165,0.31611257791519165
I-211217_O06029_W23,Boundary-only,40,0.014103653840720654,0.030100489035248756,0.14597947895526886,0.021284829825162888,0.04227042943239212,0.13422571122646332,0.40340012311935425
I-211217_O06029_W23,Temporal union,40,0.010305904783308506,0.011828498914837837,0.28303685784339905,0.04508572071790695,0.5352301001548767,0.2802230715751648,0.07807056605815887
I-211217_O06029_W23,Ours-Conservative,40,0.010650727897882462,0.01598147116601467,0.2262084186077118,0.03564023971557617,0.3877250850200653,0.2570630609989166,0.09514907747507095
I-211217_O06029_W23,Ours-Balanced,40,0.012698246166110039,0.027545977383852005,0.15723058581352234,0.02251444198191166,0.1710425168275833,0.13610924780368805,0.3908608555793762
I-211220_O10044_W01,Boundary-only,40,0.01643337868154049,0.033920131623744965,0.018096348270773888,0.010634994134306908,0.1456664651632309,0.09035749733448029,0.6205157041549683
I-211220_O10044_W01,Temporal union,40,0.015141990967094898,0.014763829298317432,0.4249958395957947,0.0932651162147522,14.572731971740723,0.1964556872844696,0.1407395899295807
I-211220_O10044_W01,Ours-Conservative,40,0.012419020757079124,0.022453803569078445,0.1250980794429779,0.025102365761995316,7.039032936096191,0.1382288634777069,0.32946357131004333
I-211220_O10044_W01,Ours-Balanced,40,0.01602618396282196,0.03312773257493973,0.018732206895947456,0.010675939731299877,0.44758957624435425,0.09154076129198074,0.6029507517814636
I-211222_O10043_W05,Boundary-only,40,0.014369932003319263,0.028622454032301903,0.03835812956094742,0.011818328872323036,0.028113316744565964,0.12882450222969055,0.37913018465042114
I-211222_O10043_W05,Temporal union,40,0.04414759948849678,0.044166676700115204,0.9245609045028687,0.30780529975891113,1.125436782836914,0.37932687997817993,0.010695033706724644
I-211222_O10043_W05,Ours-Conservative,40,0.03662770986557007,0.03840800002217293,0.8190887570381165,0.2711213231086731,1.0319947004318237,0.39472946524620056,0.02229239232838154
I-211222_O10043_W05,Ours-Balanced,40,0.013208478689193726,0.02804449200630188,0.05464838072657585,0.01385374367237091,0.14567719399929047,0.15919055044651031,0.3340691924095154
I-211228_I06020_T13,Boundary-only,40,0.014764326624572277,0.009971779771149158,0.04903879016637802,0.013919232413172722,0.03111119754612446,0.23025859892368317,0.23230160772800446
I-211228_I06020_T13,Temporal union,40,0.022810524329543114,0.009097260423004627,0.3743453919887543,0.06638618558645248,1.232734203338623,0.211445614695549,0.10539858043193817
I-211228_I06020_T13,Ours-Conservative,40,0.01736522652208805,0.014581851661205292,0.21392185986042023,0.0326288640499115,0.8961334228515625,0.2076113224029541,0.14578397572040558
I-211228_I06020_T13,Ours-Balanced,40,0.013569106347858906,0.010113826021552086,0.057835228741168976,0.014587879180908203,0.13977646827697754,0.23752090334892273,0.2102857232093811
I-211228_O09041_W09,Boundary-only,36,0.027316272258758545,0.09529316425323486,0.16757255792617798,0.025652877986431122,0.04303540661931038,0.16795018315315247,0.34775882959365845
I-211228_O09041_W09,Temporal union,36,0.027017392218112946,0.03852526471018791,0.46045270562171936,0.087578684091568,2.1878015995025635,0.2057488113641739,0.06339583545923233
I-211228_O09041_W09,Ours-Conservative,36,0.02572108805179596,0.03995732590556145,0.3757810592651367,0.06093863770365715,1.9161802530288696,0.1870090663433075,0.08087154477834702
I-211228_O09041_W09,Ours-Balanced,36,0.02488280087709427,0.08834085613489151,0.17044216394424438,0.026115916669368744,0.21200048923492432,0.16960184276103973,0.33791789412498474
I-211230_O05024_W05,Boundary-only,40,0.012949205935001373,0.02515067532658577,0.04415564239025116,0.01194603368639946,0.06943591684103012,0.1317417323589325,0.48892831802368164
I-211230_O05024_W05,Temporal union,40,0.014544541947543621,0.016797224059700966,0.7031264305114746,0.17499825358390808,4.006784439086914,0.26830506324768066,0.028919152915477753
I-211230_O05024_W05,Ours-Conservative,40,0.009876260533928871,0.01269020326435566,0.3666589856147766,0.0800880640745163,2.305711030960083,0.2004719078540802,0.14389488101005554
I-211230_O05024_W05,Ours-Balanced,40,0.011185424402356148,0.02114209160208702,0.05063905566930771,0.012548099271953106,0.268494576215744,0.13317431509494781,0.46995237469673157
I-211230_O06027_T17,Boundary-only,40,0.007594010327011347,0.02116362191736698,0.02759622037410736,0.010234786197543144,0.03649565204977989,0.14269672334194183,0.36724260449409485
I-211230_O06027_T17,Temporal union,40,0.028464216738939285,0.037474073469638824,0.7138087749481201,0.17215868830680847,1.2955079078674316,0.2962144613265991,0.012604238465428352
I-211230_O06027_T17,Ours-Conservative,40,0.012614952400326729,0.01868361234664917,0.2832052707672119,0.07307013124227524,0.8097328543663025,0.27176958322525024,0.0936182364821434
I-211230_O06027_T17,Ours-Balanced,40,0.006478750612586737,0.018764948472380638,0.03380122780799866,0.011014163494110107,0.16563290357589722,0.15304455161094666,0.3191375732421875
I-211230_O06027_W10,Boundary-only,40,0.007585060782730579,0.015287943184375763,0.019609104841947556,0.008705973625183105,0.024188494309782982,0.1022876724600792,0.4718409776687622
I-211230_O06027_W10,Temporal union,40,0.02611033245921135,0.017069483175873756,0.35994094610214233,0.05780205875635147,0.8860872983932495,0.19482827186584473,0.04382241144776344
I-211230_O06027_W10,Ours-Conservative,40,0.022153887897729874,0.014892861247062683,0.2939540445804596,0.049280084669589996,0.7945460081100464,0.21307192742824554,0.05649351328611374
I-211230_O06027_W10,Ours-Balanced,40,0.00650774035602808,0.014683079905807972,0.020457500591874123,0.008919214829802513,0.12383981794118881,0.1039590835571289,0.4373193383216858
I-220110_O09042_T22,Boundary-only,17,0.00683931540697813,0.014480086043477058,0.5634151697158813,0.07399503886699677,0.10328953713178635,0.12297262251377106,0.3945978879928589
I-220110_O09042_T22,Temporal union,17,0.006874943617731333,0.008130387403070927,0.5641173124313354,0.07405649125576019,0.21954002976417542,0.12401972711086273,0.38094502687454224
I-220110_O09042_T22,Ours-Conservative,17,0.007132539991289377,0.009179375134408474,0.5639075636863708,0.07402930408716202,0.1720677763223648,0.12573398649692535,0.38459932804107666
I-220110_O09042_T22,Ours-Balanced,17,0.0064297267235815525,0.01474490575492382,0.5633484721183777,0.07399163395166397,0.1469205617904663,0.12371990084648132,0.3892221450805664
